"parentdunsnumber","vendorname"
"962480070","2M RESEARCH SERVICES LLC"
"006173082","3M COGENT, INC."
"012831116","4 CLICKS SOLUTIONS LIMITED LIABILITY COMPANY"
"610109675","4 STAR TECHNOLOGIES, INC."
"790460609","A-T SOLUTIONS, INC."
"149395936","A-TEAM SOLUTIONS, LLC"
"002149656","A & A COMPANY INC"
"752323712","A T C GROUP SERVICES INC"
"130381051","A. HAROLD AND ASSOCIATES LLC"
"783206659","A.I.S., INC."
"008184819","AARCHER, INC"
"610033953","ABARIS TRAINING RESOURCES, INC."
"043397520","ABT ASSOCIATES INC"
"047440297","ABT ENVIRONMENTAL RESEARCH INC."
"147980440","ACCEL CORPORATION"
"552120201","ACCELRYS, INC."
"985015354","ACCENTURE NATIONAL SECURITY SERVICES, LLC"
"168562267","ACCURA ENGINEERING AND CONSULTING SERVICES, INC."
"963009899","ACQUISITION SOLUTIONS INC"
"109448030","ACTIONABLE INTELLIGENCE TECHNOLOGIES, INC."
"083778964","ACUMEN, LLC"
"827627618","ADANTA, INC."
"039872622","ADDX CORPORATION"
"004473927","ADLI BUSINESS & PROFESSIONAL SOLUTIONS, INC."
"028130859","ADOA EXPERTS INCORPORATED"
"118498067","ADVANCED C4 SOLUTIONS, INC."
"831666859","ADVANCED DECISION VECTORS LLC"
"059223474","ADVANCED ENVIRONMENTAL MANAGEMENT GROUP, LLC"
"947874681","ADVANCED MARKETPLACE, INC."
"790913409","ADVANCED RESOURCE SOLUTIONS, INC"
"078596270","ADVANCED TECHNOLOGIES GROUP, LLC"
"185305658","AEIO, LLC"
"152869871","AERO SIMULATION, INC."
"829280531","AEROSPACE FACILITIES GROUP, INC."
"069354355","AES CORPORATION"
"808867357","AES INTERNATIONAL CORPORATION"
"192395689","AGEISS INC."
"171070639","AGSI, LLC"
"966424061","AH ENVIRONMENTAL CONSULTANTS, INC."
"102550670","AIR RESOURCE SPECIALISTS, INC."
"370470405","ALADDIN TEMP-RITE LLC"
"107954070","ALARM SECURITY GROUP LLC"
"003099298","ALBAN TRACTOR CO., INC."
"093803398","ALERE INFORMATICS INC"
"610537420","ALFONSO & ASSOCIATES CONSULTING, INC"
"119162332","ALION SCIENCE AND TECHNOLOGY CORPORATION"
"093826530","ALL CONSULTING, LLC"
"041643834","ALL NATIVE, INC."
"014435882","ALLEGHENY SCIENCE & TECHNOLOGY CORPORATION"
"007102168","ALLEN CORPORATION OF AMERICA, INC."
"118861942","ALLIANCE CONSULTING CORP."
"796854768","ALLMOND MARVIN C"
"013814889","ALPHA CORPORATION"
"186179420","ALPINE ARCHAEOLOGICAL CONSULTANTS, INC."
"131430514","ALTAIR ENGINEERING INC."
"064184468","ALTARUM INSTITUTE"
"752055947","ALTIUM, INC."
"052089695","ALUTIIQ DIVERSIFIED SERVICES, LLC"
"078352485","ALUTIIQ TECHNICAL SERVICES LLC"
"170729870","AMCOM SOFTWARE INC"
"026521332","AMEC EARTH & ENVIRONMENTAL, IN"
"800220415","AMERICA'S STAFFING PARTNER, INC."
"072635501","AMERICAN BANKERS ASSOCIATION"
"195884564","AMERICAN BIOMEDICAL GROUP, INC."
"690619705","AMERICAN ENGINEERING CORPORATION"
"051064566","AMERICAN HOSPITAL ASSOCIATION INC"
"046813507","AMERICAN INSTITUTE OF CERTIFIED PUBLIC ACCOUNTANTS"
"041733197","AMERICAN INSTITUTES FOR RESEAR"
"064930233","AMERICAN MANAGEMENT ASSOCIATION INTERNATIONAL"
"073294837","AMERICAN NATIONAL STANDARDS INSTITUTE, INCORPORATED"
"040403800","AMERICAN PRODUCTIVITY QUALITY"
"969094858","AMERICAN TOWERS LLC"
"077795060","AMERICAN UNIVERSITY"
"079178504","AMS-RHEA JV"
"078677355","AMTIS-HEITECH, LLC"
"791152460","AMTIS, INC."
"012913265","ANALYSIS & DESIGN APPLICATION CO. LTD."
"077815736","ANALYTIC SERVICES INC."
"623876096","ANALYTIC STRATEGIES, LLC"
"606230399","ANALYTICAL GRAPHICS, INC."
"076637073","ANALYTICAL SERVICES, INC"
"869159897","ANNAMS SYSTEMS CORPORATION"
"063747653","ANSYS, INC."
"958996662","AOC SOLUTIONS INC"
"218140345","AON CONSULTING, INC."
"192648251","APPLIED FABRIC TECHNOLOGIES, I"
"152959271","APPLIED IMAGERY LLC"
"963042002","APPLIED INTELLECT"
"097967608","APPLIED RESEARCH ASSOCIATES, INC."
"120028035","APPLIED SCIENCES AND INFORMATION SYSTEMS, INC."
"078515710","APPLIED SECURITY TECHNOLOGIES, INC."
"120183715","APPRIO, INC"
"253713309","AQUATIC INFORMATICS INC"
"840239586","ARBINGER COMPANY, THE"
"052733297","ARCANUM GROUP, INC., THE"
"068515006","ARDL, INC."
"830333824","ARMED FORCES SERVICES CORPORATION"
"028445737","ASG FEDERAL, INC"
"861086320","ASG SOLUTIONS CORPORATION"
"968136080","ASH, CORY"
"615486636","ASHCO ENTERPRISES, INC."
"115338600","ASM AFFILIATES INC"
"057802209","ASPECT"
"151083305","ASR ANALYTICS, LLC"
"173738279","ASR INTERNATIONAL CORP."
"624105115","ASSOCIATED VETERANS LLC-QUALITY SOLUTIONS"
"072633340","ASSOCIATION OF GOVERNMENT ACCOUNTANTS"
"108024050","AT&T GOVERNMENT SOLUTIONS, INC."
"861012433","ATCS, P.L.C."
"295224364","ATKINS NORTH AMERICA, INC."
"153903802","ATLANTIC MANAGEMENT CENTER INCORPORATED"
"789540999","ATLAS GROUP LTD"
"827560744","ATLAS RESEARCH LLC"
"142444699","ATSG CORPORATION"
"738803118","ATTACHMATE CORPORATION"
"877238592","AUGUST SCHELL ENTERPRISES, INC."
"032688081","AUXILIO MANAGEMENT SERVICES"
"968013792","AVANTGARDE LLC"
"796250538","AVANTI CORPORATION"
"010152184","AVATAR ENVIRONMENTAL LLC"
"962137340","AVESHKA, INC."
"006995419","AVNET, INC."
"070487657","AWR CORPORATION"
"604596874","AXIOM CORPORATION"
"002207459","AXIOM RESOURCE MANAGEMENT INCORPORATED"
"030352822","AZIMUTH CORPORATION"
"135027477","B3 SOLUTIONS LIMITED LIABILITY COMPANY"
"623345949","B3H CORPORATION"
"830639469","BACIK GROUP LLC"
"217304393","BAE SYSTEMS INFORMATION SOLUTIONS, INC."
"007901598","BATTELLE MEMORIAL INSTITUTE IN"
"161244280","BAUM, ROMSTEDT TECHNOLOGY RESEARCH CORPORATION"
"101719243","BAY DIESEL CORPORATION"
"113781749","BAYFIRST SOLUTIONS LLC"
"117755293","BB&E, LLC"
"011455446","BBS TECHNOLOGIES, INC."
"628116055","BEACON TRAINING SERVICES INCORPORATED"
"024744476","BECKMAN COULTER, INC."
"114405558","BELL JAMES ASSOCIATES (INC)"
"828480686","BEN SELLERS ASSOCIATES, LLC"
"131097651","BENTLEY SYSTEMS, INCORPORATED"
"959866187","BERNEY ASSOCIATES, LLC"
"052351095","BFPE INTERNATIONAL, INC."
"020911756","BIO-WEST, INC."
"217241637","BITPLANE INC"
"058603631","BIZZELL GROUP LLC, THE"
"078278346","BLACKBOARD INC"
"490323641","BLACKBOARD INC"
"140697405","BLH TECHNOLOGIES, INC."
"121701957","BLUE TECH INC."
"133102595","BLUEFORCE L.L.C."
"079161545","BMC SOFTWARE, INC."
"225349273","BMT DESIGNERS & PLANNERS, INC."
"009256819","BOEING COMPANY, THE"
"964725688","BOOZ ALLEN HAMILTON INC."
"805650389","BOTTOMLINE SOLUTIONS INCORPORATED"
"109316237","BOYD, CATON AND GRANT TRANSPORTATION GROUP, INC"
"094718637","BROOKS & ASSOCIATES CPAS, LLC"
"018131938","BUILDING OWNERS AND MANAGERS INSTITUTE INTERNATIONAL, INCORPORATED"
"079868052","BULLEX, INC."
"110721235","BURLESON CONSULTING, INC."
"003413531","BURNLEY WORKSHOP OF THE POCONOS, INC. , THE"
"122893688","BURNS ENGINEERING, INC."
"079377097","BUSBY, BARNARD & HEALTH INFORMATION MANAGEMENT ASSOCIATES, LLC"
"169939688","BUSINESS INFORMATION TECHNOLOGY SOLUTIONS INC."
"098219137","BUSINESS STRATEGY CONSULTANTS LLC"
"008925919","BUTLER MACHINERY COMPANY"
"807021241","C2 TECHNOLOGIES, INC"
"827663563","C2G, LTD CO."
"784104536","CABEZON GROUP, INC"
"045534641","CACI INCORPORATED FEDERAL"
"104068093","CADENCE DESIGN SYSTEMS, INC."
"101163731","CADMUS GROUP, INC., THE"
"830778994","CALDWELL CLEANING LLC"
"966144961","CALERO SOFTWARE LLC"
"555498187","CALIBRE SYSTEMS, INC."
"869179705","CALYPTUS CONSULTING GROUP, INC."
"052371981","CAMBER CORPORATION"
"130845167","CAMBRIA CONSULTING INC"
"076596774","CAMBRIDGE SYSTEMATICS INC"
"008347437","CAMBRO MANUFACTURING COMPANY I"
"382014330","CAPGEMINI GOVERNMENT SOLUTIONS LIMITED LIABILITY COMPANY"
"183818145","CAPITAL CONSULTING CORP"
"181764697","CAPSTONE CORPORATION"
"088365767","CARAHSOFT TECHNOLOGY CORPORATION"
"611603457","CARDNO GS, INC."
"072487721","CAREER TRAINING CONCEPTS, INC."
"791216588","CAREERSTONE GROUP, LLC"
"869205930","CARNEY, INC."
"193991572","CARTER CONSULTING, INC."
"007941743","CARTER MACHINERY COMPANY, INCORPORATED"
"079187602","CATALOGIC SOFTWARE, INC."
"078866595","CATALYST SERVICES, LLC"
"386491765","CB&I FEDERAL SERVICES LLC"
"617608104","CBRE AIG"
"055990261","CDM FEDERAL PROGRAMS CORPORATION"
"808068253","CDW GOVERNMENT LLC"
"184779924","CEB INC."
"135230832","CELESTAR CORPORATION"
"033095568","CELLEBRITE USA CORP"
"132220604","CENSEO CONSULTING GROUP, INC."
"071580955","CENTER FOR CREATIVE LEADERSHIP INC"
"602035727","CENTER FOR STRATEGIC AND INTERNATIONAL STUDIES (INC)"
"148058019","CENTRA TECHNOLOGY, INC."
"074875279","CENTRAL TEXAS COLLEGE"
"963588186","CENTRE LAW AND CONSULTING, LLC"
"126633861","CFI GROUP U S A, L.L.C."
"248513116","CGI FEDERAL INC."
"362311961","CGTECH"
"027620574","CH2M HILL CORP"
"078801273","CHAISE MANAGEMENT GROUP, LLC"
"867714768","CHEMONICS INTERNATIONAL, INC"
"077345494","CHEROKEE NATION ASSURANCE, L.L.C."
"831891788","CHEROKEE NATION TECHNOLOGIES, L.L.C."
"103324109","CHICAGO SOFT, LTD."
"084548148","CHOICE SHEETMETAL LLC"
"825487234","CI INTERNATIONAL, INC."
"153804570","CISCO SYSTEMS INC."
"353978984","CISION US, INC."
"809366024","CITADEL ENVIRONMENTAL SERVICES, INC."
"604596346","CITRIX SYSTEMS, INC."
"007920291","CLARK FORK AND BLACKFOOT, L.LC., THE"
"032691052","CLARK GROUP, LLC, THE"
"157793639","CLEAN HARBORS ENVIRONMENTAL SE"
"828350285","CLEARING, INC., THE"
"006948178","CLECO POWER LLC"
"077633311","CLIFTONLARSONALLEN LLP"
"809802239","CLINE-MORIN ASSOCIATES"
"622051969","CNA CORPORATION"
"070848361","CNI TECHNICAL SERVICES, LLC"
"077908069","COASTAL ENVIRONMENTS, INC"
"606223191","COASTAL MANAGEMENT SOLUTIONS"
"788296788","COFFEY CONSULTING, LLC"
"026814967","COLEY & ASSOCIATES INC"
"037447851","COLLABORATIVE INC, THE"
"143739998","COLLABRALINK TECHNOLOGIES, INCORPORATED"
"137058413","COLLEAGUE CONSULTING, LLC"
"033937074","COLTEC INDUSTRIES INC"
"116195363","COLUMBIA GROUP, INC, THE"
"802602060","COMMAND DECISIONS SYSTEMS & SOLUTIONS, INC."
"836405217","COMMONWEALTH TRADING PARTNERS INC."
"967762530","COMPONENTSOURCE, INC."
"080399256","COMPUTER ASSOCIATES INTERNATIO"
"009581091","COMPUTER SCIENCES CORPORATION"
"253970487","COMPUTRITION INC"
"824667906","COMPUWARE CORPORATION"
"081469939","COMSKIL INC"
"356716019","COMSOL, INC"
"079263929","CONCESSIONS HOSPITALITY MANAGEMENT GOVERNMENT SERVICES, LLC"
"827172123","CONCUR"
"189737810","CONCURRENT TECHNOLOGIES CORPOR"
"626910728","CONFEDERATE GROUP, LLC"
"604863704","CONSOLIDATED SAFETY SERVICES,"
"079095205","CONSOLIDATED SYSTEMS LEASING LLC"
"626389303","CONTRACT SOLUTIONS, INC."
"130886604","CONTRACTING RESOURCES GROUP, INC."
"134664585","CONVERGENCE TECHNOLOGY CONSULTING, LLC"
"029640740","CONVERGINT TECHNOLOGIES LLC"
"838295400","CORAY GURNITZ CONSULTING INC"
"184768583","CORESPHERE, LLC"
"084339287","CORPORATE ALLOCATION SERVICES, INC."
"018836440","CORPORATE SOURCE, INC., THE"
"830066721","COSCO FIRE PROTECTION INC."
"185534828","COURSEAVENUE, LLC"
"028873719","CPP, INC."
"621642623","CPS PROFESSIONAL SERVICES, LLC"
"210091856","CQ-ROLL CALL, INC."
"079525325","CRA INTERNATIONAL, INC."
"090369419","CRANEWORKS, INC."
"833041572","CREATIVE BUSINESS SOLUTIONS, INC."
"143530926","CREATIVE CORRECTIONS, L.L.C."
"111477741","CREATIVE SOLUTIONS INTERNATIONAL"
"805875718","CREDENCE MANAGEMENT SOLUTIONS LIMITED LIABILITY COMPANY"
"080006028","CRGT, INC."
"803438493","CRISIS1 LLC"
"622062198","CROWN CONSULTING, INC."
"079735371","CSC GOVERNMENT SOLUTIONS LLC"
"128563850","CST OF AMERICA, INC."
"008382293","CUBIC APPLICATIONS, INC."
"603124587","CULTURAL RESOURCE ANALYSTS INC"
"006415160","CUMMINS ROCKY MOUNTAIN, LLC"
"855032087","CYBERTEC HOLDINGS"
"788624000","D3 AIR AND SPACE OPERATIONS, INC."
"065966947","DALE CARNEGIE & ASSOCIATES, INC."
"786283130","DATA FEDERAL CORPORATION"
"604081679","DATAWATCH SYSTEMS INC"
"180222671","DATAWORKS DEVELOPMENT INC"
"001367960","DATEX-OHMEDA INC"
"086612439","DAVID EVANS AND ASSOCIATES, INC."
"093377690","DAVID HALE AND ASSOCIATES, INC."
"177291986","DAVID HOUSEMAN"
"003409989","DAVIS-PAIGE MANAGEMENT SYSTEMS LLC"
"619884547","DAWNBREAKER, INC."
"806373754","DAWSON TECHNICAL, LLC"
"079281988","DDC IT SERVICES LLC"
"620596432","DECYPHER TECHNOLOGIES, LTD."
"031091204","DEE CONSULTING GROUP, LLC"
"601839660","DELL FEDERAL SYSTEMS L.P."
"014127109","DELOITTE CONSULTING LLP"
"035854939","DELTA FIRE SYSTEMS, INC."
"790841415","DEPENDABLE MARINE, INC."
"003588584","DESIGN SPACE MODULAR BUILDINGS, INC."
"788995756","DESKTOP ALERT INC."
"066781956","DEVELOPMENT ALTERNATIVES, INC."
"120838248","DEVTECH SYSTEMS, INC."
"621316814","DEWBERRY CONSULTANTS LLC"
"144344947","DEXIS INTERACTIVE"
"557573891","DEXTERA CORPORATION"
"004469300","DIEBOLD, INCORPORATED"
"197617756","DIETARY EQUIPMENT COMPANY INC"
"085783707","DIGITAL INTELLIGENCE, INC."
"113434752","DIGITRONICS, INC."
"961597106","DISCOVER TECHNOLOGIES LLC"
"799543160","DISTRIBUTED INFORMATION TECHNOLOGIES INC"
"965032878","DISTRICT COMMUNICATIONS GROUP, LLC (THE)"
"878179688","DIVERSIFIED DISTRIBUTORS INTERNATIONAL, INC."
"623686834","DLE TECHNICAL SERVICES, LLC"
"078459579","DLT SOLUTIONS, LLC"
"806509175","DMJM/PARSONS, A JOINT VENTURE"
"118930457","DMP GROUP, LLC , THE"
"130194947","DNASTAR, INC."
"790238638","DOMESTIC AWARDEES (UNDISCLOSED)"
"832482421","DOMINION BUSINESS SOLUTIONS, INC."
"931806749","DOUGHERTY & ASSOCIATES, INC"
"603127825","DRESSER-RAND COMPANY"
"805643546","DSFEDERAL, INC."
"119607559","DT-TRAK CONSULTING, INC."
"362623170","DUTY FIRST CONSULTING LLC"
"809429728","DYNAMIS, INC."
"555662696","E-9 CORPORATION"
"170945823","E3 FEDERAL SOLUTIONS, LLC"
"137206202","EAGLE HILL CONSULTING, LLC"
"090770967","EARTH RESOURCES TECHNOLOGY, INC."
"793172326","EARTH SMART ENVIRONMENTAL SOLUTIONS, LLC"
"619733533","EAST COAST FIRE PROTECTION, INC."
"605119932","EASTCO BUILDING SERVICES, INC."
"112947395","EASTERN RESEARCH GROUP, INC."
"078727889","EASYPOWER LLC"
"757699277","ECHOVIEW SOFTWARE PTY LTD"
"113396571","ECO & ASSOCIATES INC"
"058648312","ECOLOGY & ENVIRONMENT, INC"
"196693170","ECONOMETRICA INC"
"038798468","ECONOMIC SYSTEMS INC"
"792678526","ECOPLAN ASSOCIATES INCORPORATED"
"809239205","ECOSYSTEM MANAGEMENT, INC"
"009697827","ECOSYSTEM RESEARCH GROUP LLC"
"230792756","ELSEVIER INC."
"097447148","EMC CORPORATION"
"078756213","EMDEON BUSINESS SERVICES LLC"
"069042950","EMERGENCY CARE RESEARCH INSTITUTE"
"781797712","EMERGENT, LLC"
"006269633","EMERSON NETWORK POWER, LIEBERT SERVICES, INC."
"013475020","EMPIRE SOUTHWEST, LLC"
"623537032","EMPLOYMENT LEARNING INNOVATIONS, INC."
"042811732","ENCOMPASS LLC"
"032559382","ENDYNA, INC."
"135504913","ENERGY SYSTEMS GROUP, LLC"
"128756553","ENGINEERING & COMPUTER SIMULATIONS, INC."
"018204949","ENGLISH-EL ENTERPRISES LLC"
"877501676","ENTERPRISE INFORMATION SERVICES, INCORPORATED"
"004161233","ENTERPRISE TRAINING SOLUTIONS INCORPORATED"
"046713244","ENTRUST, INC."
"090006417","ENVIRONMENTAL COMPLIANCE CONSULTANTS, INC"
"017526802","ENVIRONMENTAL COST MANAGEMENT, INC."
"623557639","ENVIRONMENTAL MANAGEMENT AND PLANNING SOLUTIONS, INC."
"106741598","ENVIRONMENTAL MANAGEMENT SUPPORT INC"
"826517729","ENVIRONMENTAL QUALITY MANAGEMENT, INC"
"141876594","ENVIRONMENTAL RESEARCH GROUP LLC"
"697928625","ENVIRONMENTAL SCIENCE CORPORATION."
"063134175","ENVIRONMENTAL SYSTEMS RESEARCH INSTITUTE, INC."
"556823359","ENVIROSCIENCE, INC."
"010507403","ENVIROSYSTEMS MANAGEMENT, INC."
"119516008","EPG, INC."
"333729965","ERDOGAN KARA"
"956580971","ERICKSON, EDWARD"
"799802025","ERIMAX INCORPORATED"
"058369562","ERNST & YOUNG, L.L.P."
"039874326","ERO RESOURCES CORPORATION"
"832947316","ERP SCIENTIFIC PARTNERS, LLC"
"111476313","ESCAL INSTITUTE OF ADVANCED TECHNOLOGIES, INC., THE"
"624273277","ESCIENCE AND TECHNOLOGY SOLUTIONS, INCORPORATED"
"809409647","ESI ACQUISITION, INC."
"088765177","ESI INTERNATIONAL, INCORPORATED"
"768811721","ESI NORTH AMERICA, INC."
"807788232","ESVA"
"133120332","EVENT PLANNING GROUP, LLC, THE"
"015230092","EVERGREEN FIRE ALARMS, LLC"
"791056059","EVOLUTION ENTERPRISES INC"
"079427087","EVOQUA WATER TECHNOLOGIES LLC"
"049779648","EXCALIBUR LAUNDRIES INC"
"077388549","EXCEED CORPORATION"
"095512708","EXECUTIVE PROTECTION SYSTEMS, LLC"
"004203337","EXELIS VISUAL INFORMATION SOLUTIONS, INC."
"006967921","EXPERIENT INC."
"175319912","F Y I FOR YOUR INFORMATION INCORPORATED"
"833205672","F2 SOLUTIONS, LLC"
"139768881","FAR WESTERN ANTHROPOLOGICAL RESEARCH GROUP, INC."
"691134183","FAREAST SERVICE COMPANY"
"118927735","FCI FEDERAL, INC"
"071017115","FEDCAP REHABILITATION SERVICES INCORPORATED"
"830363177","FEDERAL DEFENSE SOLUTIONS, INC."
"079673403","FEDERAL EMPLOYMENT LAW TRAINING GROUP LLC"
"825894421","FEDERAL MANAGEMENT PARTNERS, INCORPORATED"
"136573719","FEDITC LLC"
"828562699","FEEA CHILDCARE SERVICES, INC."
"099141541","FEI COMPANY"
"126150056","FI CONSULTING, INC."
"030772334","FIDELITY NATIONAL INFORMATION SERVICES, INC."
"090436465","FINANCIAL VOYAGES LLC."
"655149347","FINCANTIERI MARINE SYSTEMS NORTH AMERICA, INC."
"035327287","FIRE PROTECTION SERVICE CORPORATION"
"929445492","FIREHOUSE MEDICAL INCORPORATED"
"019293817","FIRST EQUIPMENT, INC."
"030506036","FIRSTECH INC"
"169727646","FM TALENT SOURCE LLC"
"004161712","FORCE 3, LLC"
"026879521","FOREFLIGHT LLC"
"790238851","FOREIGN AWARDEES (UNDISCLOSED)"
"153906193","FOREIGN UTILITY CONSOLIDATED REPORTING"
"926446027","FORESEE RESULTS, INC."
"071549000","FORESTRY AND FIRE PROTECTION, CALIFORNIA DEPARTMENT OF"
"129842667","FORS MARSH GROUP LLC"
"561882945","FORSVARETS LOGISTIKKORGANISASJON MARINE EXPEDITIONARY BRIGADE"
"789007064","FOUR LLC"
"089896737","FOUR POINTS TECHNOLOGY, L.L.C."
"113402713","FRANKLIN COVEY CLIENT SALES INC"
"077852242","G M R AERIAL SURVEYS, INC."
"071610513","G R A INCORPORATED"
"157637570","G.C.MICRO CORPORATION"
"831923961","G2S CORPORATION"
"617202437","GAMS DEVELOPMENT CORPORATION"
"120439869","GAP SOLUTIONS, INC."
"030461409","GCC TECHNOLOGIES, LLC"
"001381284","GENERAL DYNAMICS INFORMATION TECHNOLOGY, INC."
"047392741","GENSLER JR M ARTHUR AND ASSOCIATES INCORPORATED (3305)"
"148020696","GENWEST SYSTEMS, INC."
"244415758","GEO-SLOPE INTERNATIONAL LTD"
"135054075","GEOCUE CORPORATION"
"141708334","GEOMORPH INFORMATION SYSTEMS LLC"
"043990498","GEORGE WASHINGTON UNIVERSITY, THE"
"122492390","GEOSYNTEC CONSULTANTS, INC"
"837697713","GLOBAL CONSULTING INC."
"156919487","GLOBAL EVALUATION & APPLIED RE"
"802975305","GLOBAL NETWORKS INC"
"610974201","GLOBAL RESOURCE SOLUTIONS, INC."
"171898732","GLOBAL TECH INC."
"018609925","GLOBE EQUIPMENT COMPANY INC, THE"
"192867690","GLOCOMS, INC"
"141709696","GMG MANAGEMENT CONSULTING INC."
"146047928","GO TO GROUP, INC, THE"
"096763800","GOLDBELT GLACIER HEALTH SERVICES"
"111187295","GOLDEN KEY GROUP, LLC"
"142135552","GONZALES MCCAULLEY INVESTMENT GROUP INC"
"166964986","GOVCONNECTION, INC."
"829760029","GOVERNMENT CONTRACTING SERVICES LLC"
"832316512","GOVERNMENT TRAINING INC"
"007978117","GOVERNMENT TRAINING INSTITUTE, INC."
"964290881","GOVERNMENT TRAINING, LLC"
"961600272","GOVSMART, INC."
"047799267","GP STRATEGIES CORPORATION"
"136721250","GPC CONSOLIDATED REPORTING"
"128106296","GR-SYSTEMS INC"
"621871784","GRA, INC."
"032970746","GRACE REGISTRY SERVICES"
"040535536","GRADUATE SCHOOL"
"347201258","GRANT THORNTON LLP"
"623908381","GRAPHPAD SOFTWARE, INC."
"800884181","GREAT LAKES ENVIRONMENTAL CENTER, INC."
"105722854","GREEN HILLS SOFTWARE, INC."
"036796498","GROWTH TRANSITIONS, INC"
"013814426","GUIDANCE SOFTWARE, INC."
"867742355","GULF SOUTH RESEARCH CORPORATION"
"008200016","H&E EQUIPMENT SERVICES, INC."
"029068918","H2 ENVIRONMENTAL"
"118725410","HANKS, HANKS & ASSOCIATES LLC"
"783808111","HARKCON, INC"
"075176284","HARLAN LEE & ASSOCIATES LLC"
"804640290","HARRIS ENVIRONMENTAL GROUP, INC."
"001963263","HARVARD COLLEGE, PRESIDENT & FELLOWS OF"
"602389681","HASSETT & WILLIS ASSOCIATES, LLC"
"006979509","HAYNES INCORPORATED"
"119388945","HAZAIR, INC."
"068668805","HDR ENVIRONMENTAL, OPERATIONS AND CONSTRUCTION, INC."
"001778349","HEALTH SERVICES, WISCONSIN DEPARTMENT OF"
"127149784","HEALTHCARE MANAGEMENT SOLUTIONS, LLC"
"832880913","HEARTLAND ENERGY PARTNERS LLC"
"806502816","HENDALL INC"
"035540637","HGS ENGINEERING, INC."
"117071386","HIDDEN WATER INC"
"058175170","HIGH PLAINS COMPUTING, INC."
"153879903","HIGHLAND ENGINEERING INCORPORATED"
"061214263","HILL GROUP, INC, THE"
"403581143","HILLER COMPANIES, INC., THE"
"139691877","HONEYWELL TECHNOLOGY SOLUTIONS INC."
"618387484","HORSLEY WITTEN GROUP INCORPORATED"
"701737645","HOWA SANGYO CO., LTD."
"009122532","HP ENTERPRISE SERVICES, LLC"
"115415338","HR ANEW, INC."
"072631799","HUMAN RESOURCES RESEARCH ORGAN"
"021873740","HUMAN TECHNOLOGY, INC"
"613569961","I. H. I."
"622827525","I.M. SYSTEMS GROUP, INC."
"102242844","IAN, EVAN & ALEXANDER CORPORATION"
"079492183","IAP WORLD SERVICES INC"
"139001544","ICF INCORPORATED, L.L.C."
"835565474","IDEAL SOLUTIONS, INC"
"005806133","IDEATION, INC."
"198224532","IHS GLOBAL INC."
"114706695","IIF DATA SOLUTIONS, INC"
"005146428","ILLINOIS TOOL WORKS INC."
"145563586","IMMERSION CONSULTING LIMITED LIABILITY COMPANY"
"049159957","IMMIXTECHNOLOGY, INC."
"088656512","IMPAQ INTERNATIONAL LLC"
"011182784","IMPRES TECHNOLOGY SOLUTIONS, INC."
"145792243","INCIDENT MANAGEMENT TRAINING CONSORTIUM, LLC"
"809163319","INFINISOURCE CONSULTING SOLUTIONS INC"
"789995933","INFINITY CONFERENCE GROUP INC"
"198024809","INFINITY TECHNOLOGY, LLC"
"079529385","INFOR PUBLIC SECTOR, INC"
"807505078","INFORMATION MANAGEMENT RESOURCES, INC."
"787042998","INFORMATION TECHNOLOGY COALITION, INC."
"601275282","INNOVATIVE EMERGENCY MANAGEMENT, INC."
"003264850","INNOVATIVE PRODUCT ACHIEVEMENTS, LLC"
"793135260","INSIDEOUT DEVELOPMENT LLC"
"626683184","INSIGHT MANAGEMENT CONSULTING, LLC"
"015527489","INSIGHT POLICY RESEARCH INC"
"876383589","INSIGHT PUBLIC SECTOR, INC."
"052311607","INSIGHT TECHNOLOGY SOLUTIONS INC."
"187931717","INSPECTION EXPERTS, INC."
"807372839","INTEGRATED FEDERAL SOLUTIONS, INC."
"790473453","INTEGRATED FINANCE AND ACCOUNTING SOLUTIONS, LLC"
"079302051","INTEGRATED MISSION SUPPORT SERVICES LLC"
"044574767","INTEGRATED SECURITY SOLUTIONS, INC."
"109173398","INTEGRATED STATISTICS INCORPORATED"
"613429849","INTEGRATED SYSTEMS SOLUTIONS, INC."
"194496837","INTEGRI LIMITED LIABILITY COMPANY"
"830850447","INTEGRITY CORPORATION, INC."
"621190102","INTEGRITY MANAGEMENT CONSULTING, INC"
"787000269","INTELLIGENCE, COMMUNICATIONS AND ENGINEERING, INC"
"078722701","INTELLIGENT ACCESS SYSTEMS OF NORTH CAROLINA, LLC"
"199732129","INTELLIWARE SYSTEMS, INC."
"083763834","INTER-PACIFIC, INC."
"077479959","INTERACTIVE PROCESS TECHNOLOGY, LLC"
"947798559","INTERACTIVE TECHNOLOGIES GROUP"
"354716029","INTERGRAPH CORPORATION"
"611390592","INTERNATIONAL BUSINESS & TECHNICAL CONSULTANTS, INC"
"001368083","INTERNATIONAL BUSINESS MACHINES CORPORATION"
"059005020","INTERNATIONAL CENTER FOR LEADERSHIP DEVELOPMENT, INC., THE"
"009756123","INTERNATIONAL LEADERSHIP CONSU"
"130362924","INTERNATIONAL SYSTEMS OF AMERICA, LLC"
"144236564","INTERSERV MAINTENANCE MANAGEMENT SOLUTIONS, INC."
"883914160","IPSOS PUBLIC AFFAIRS, LLC"
"876875154","IQ SOLUTIONS, INC."
"968415781","IRON BOW TECHNOLOGIES, LLC"
"077548964","IRVING BURTON ASSOCIATES, INC."
"620244264","ISHPI INFORMATION TECHNOLOGIES, INC."
"116352944","ITILITY, L.L.C."
"131938524","J & E ASSOCIATES, INC"
"055953892","J A M A ENTERPRISES"
"001213206","J.D. POWER AND ASSOCIATES, INC."
"113879329","J.G. MANAGEMENT SYSTEMS, INC."
"825889194","JAB INNOVATIVE SOLUTIONS, LLC"
"074103508","JACOBS TECHNOLOGY INC"
"859120214","JAMISON PROFESSIONAL SERVICES"
"622780781","JARDON & HOWARD TECHNOLOGIES, INCORPORATED"
"143692858","JAVA PRODUCTIONS, INC."
"161157631","JBS INTERNATIONAL, INC."
"059493648","JEFFERSON CONSULTING GROUP, LLC"
"145886813","JEL MANAGEMENT, LLC"
"107935835","JERRY THOMPSON & ASSOCIATES, INC."
"928854579","JLH ASSOCIATES TRAINING CONSULTANTS"
"078344359","JOAN ROONEY TRAINING AND COACHING"
"031032329","JOHN FABICK TRACTOR COMPANY"
"091500090","JOHN SNOW, INCORPORATED"
"001910777","JOHNS HOPKINS UNIVERSITY, THE"
"118082775","JOHNSON COMPANY, INC. THE"
"068475391","JOINT COMMISSION ON ACCREDITATION OF HEALTHCARE ORGANIZATIONS"
"028781060","JONES LANG LASALLE AMERICAS, INC."
"079554920","JONESZYLON COMPANY, LLC, THE"
"033445755","JOPPY, LEAH M & ASSOCIATES"
"967716429","KA'ALA SYSTEMS TECHNOLOGY CORPORATION"
"175330042","KAL KRISHNAN CONSULTING SERVICES INC"
"828268503","KARNA LLC"
"069275212","KASTLE SYSTEMS LLC"
"884467259","KAUFFMAN & ASSOCIATES, INC."
"943392522","KCORP SUPPORT SERVICES, INC."
"186576310","KEARNEY & COMPANY, P.C."
"161584073","KELLY, ANDERSON & ASSOCIATES, INC"
"099988805","KEPLER RESEARCH"
"079297662","KEYSIGHT TECHNOLOGIES, INC."
"058287814","KFORCE GOVERNMENT SOLUTIONS INCORPORATED"
"141845862","KMK CONSTRUCTION, INC."
"193397218","KMPOWER CONSULTING LLC"
"132498200","KNOWLEDGEBANK, INC."
"459906942","KONE INC"
"518910914","KONGSBERG GALLIUM LTD"
"078203361","KONIAG TECHNOLOGY SOLUTIONS, INC"
"001667906","KPMG LLP"
"884457813","KRATOS TECHNOLOGY & TRAINING SOLUTIONS, INC."
"160882320","KRJA SYSTEMS INC."
"947236667","KROLL ONTRACK INC."
"855024311","KWIKSPACE GUAM INC"
"783837672","L-3 SERVICES, INC."
"791535151","LANGUAGE ASSOCIATES LLC"
"835970518","LANGUAGE DOCTORS, INC. (THE)"
"968854997","LAULIMA GOVERNMENT SOLUTIONS, LLC"
"788088594","LDSS INC"
"626526024","LEAD TECHNOLOGIES, INC."
"805877771","LEADING SOLUTIONS, LLC"
"078592401","LEADINGLEADERS LLC"
"099464729","LEARNING TREE INTERNATIONAL USA, INC."
"961728586","LEED MANAGEMENT CONSULTING, INC."
"611641312","LEIDOS, INC."
"075226373","LEWIS ALAN OFFICE FURNITURE IN"
"877017343","LIFE SAFETY ENGINEERED SYSTEMS, INC."
"623451684","LINE OF SIGHT LLC"
"926298258","LINK TECHNOLOGIES INC"
"798244468","LINKVISUM CONSULTING GROUP, INC."
"834951691","LOCKHEED MARTIN CORPORATION"
"004337148","LOGAN SIMPSON DESIGN INCORPORATED"
"962390378","LOGICARE CORPORATION"
"096598248","LOGISTIC SERVICES INTERNATIONAL, INC."
"053385738","LOGISTICS MANAGEMENT INSTITUTE"
"092876015","LOGISTICS SUPPORT INCORPORATED"
"072081990","LONGENECKER & ASSOCIATES, INC."
"123230570","LONGEVITY CONSULTING LLC"
"789092293","LOUIS BERGER GROUP, INC., THE"
"085698900","LRP PUBLICATIONS, INC."
"050417455","LS3 INC."
"318083037","LUPP FACILITY MANAGEMENT GMBH"
"189408565","LUX CONSULTING GROUP, INC."
"144763067","LYME COMPUTER SYSTEMS, INC."
"129133893","LYNDA.COM, INC."
"042563259","LYNNE CARBONE & ASSOCIATES INC"
"808642321","M & F CONCRETE, INC."
"601903479","M.A.N.S. DISTRIBUTORS, INC."
"043203249","M.C. DEAN, INC."
"177088122","M2 CONSULTING INC."
"065690930","M3T CORPORATION"
"054671359","MABBETT & ASSOCIATES, INC."
"096500483","MACAULAY-BROWN, INC"
"002188035","MACK BORING AND PARTS CO."
"058603296","MACROSYS, LLC"
"080001807","MAGNET FORENSICS USA, INC."
"595115098","MAK TECHNOLOGIES, INC."
"787948405","MAMMOGRAPHY REPORTING SYSTEM, INC."
"001727135","MANAGED CARE ADVISORS, INC."
"074334264","MANAGEMENT & ENGINEERING TECH"
"082355652","MANAGEMENT CONCEPTS INCORPORATED"
"783603814","MANAGEMENT SUPPORT TECHNOLOGY, INCORPORATED"
"751041278","MANAGEMENT SYSTEMS INTERNATION"
"175967731","MANHATTAN STRATEGY GROUP THE LIMITED LIABILITY COMPANY"
"075258780","MANPOWER DEMONSTRATION RESEARC"
"053518312","MANTECH ADVANCED SYSTEMS INTERNATIONAL, INC."
"038090390","MARSTEL-DAY, LLC"
"801214078","MARTEEN, INC."
"005168039","MARTEK GLOBAL SERVICES, INC."
"968059787","MARTEKD2DINC J.V."
"063446546","MASON, BRUCE & GIRARD INC"
"154125140","MATHEMATICA POLICY RESEARCH IN"
"606290401","MAXIM HEALTHCARE SERVICES INCORPORATED (0951)"
"082347477","MAXIMUS FEDERAL SERVICES, INC."
"112951889","MBO PARTNERS, INC."
"079481275","MC DONALD, WALTER R & ASSOCIAT"
"838614758","MCB ENTERPRISES, INC"
"002544492","MCCALL HANDLING CO."
"073482424","MCGLADREY LLP"
"177667227","MCKESSON CORPORATION"
"001673920","MCKINSEY & COMPANY, INC. WASHINGTON D.C."
"601808314","MCKOWN BELANGER ASSOCIATES, P.C."
"072637457","MCMANIS ASSOCIATES INC"
"042441001","MDB INCORPORATED"
"032381985","MECA CONSULTING, INC."
"957550510","MEDIA PLUMBING & HEATING, INC."
"067542824","MEDTEL SERVICES INC"
"985596906","MEDTRONIC, INC."
"031374879","MENTOR GRAPHICS CORPORATION"
"107939233","METRON, INCORPORATED"
"612878314","MFR CONSULTANTS, INC."
"079171269","MICHAEL BAKER JR., INC."
"608740957","MICRO SYSTEMS CONSULTANTS"
"012994567","MICROPACT, INC."
"081466849","MICROSOFT CORPORATION SITZ IN REDMOND CORPORATION"
"793586405","MIDTOWN PERSONNEL, INC."
"128132094","MILLENNIUM GROUP INTERNATIONAL, LLC, THE"
"183171396","MILLIGAN & COMPANY LLC"
"071835995","MILLIMAN, INC."
"136977290","MIM SOFTWARE INC."
"965431815","MINBURN TECHNOLOGY GROUP, LLC"
"107326043","MINITAB, INC."
"133239397","MIRACLE SYSTEMS LLC"
"123456787","MISCELLANEOUS FOREIGN CONTRACTORS"
"251680708","MITEL BUSINESS SYSTEMS, INC."
"169513108","MODULAR SPACE CORPORATION"
"076626241","MONACO ENTERPRISES, INC."
"050471754","MONSTER GOVERNMENT SOLUTIONS, LLC"
"176764538","MONTEREY CONSULTANTS, INC."
"275374015","MORPHOTRUST USA, LLC"
"933539751","MORRIS SYSTEMS, INC."
"001325463","MOTOROLA SOLUTIONS, INC."
"798864393","MTS TECHNOLOGIES, INC."
"643646722","MUHARRAQ ENGINEERING SERVICES EST"
"542626242","MULTINATIONAL LOGISTIC SERVICES LTD"
"963177209","MUMPS AUDIOFAX INC"
"801927492","MWH AMERICAS, INC."
"074887915","MYRIAD SOLUTIONS, INC."
"006240634","N C MACHINERY CO"
"602472573","NACCO MATERIALS HANDLING GROUP INC"
"621562342","NAMTEK CORP."
"185057601","NASATKA BARRIER, INCORPORATED"
"074838103","NATIONAL ACADEMY OF PUBLIC ADMINISTRATION"
"041964057","NATIONAL ACADEMY OF SCIENCES"
"072662562","NATIONAL CONTRACT MANAGEMENT ASSOCIATION"
"057263451","NATIONAL FIRE PROTECTION COMPANY, INC."
"001672120","NATIONAL INDUSTRIES FOR THE BLIND"
"039352091","NATIONAL INSTITUTE FOR TRIAL ADVOCACY"
"089188759","NATIONAL INSTITUTE OF BUILDING SCIENCES"
"876958109","NATIONAL INSTITUTE OF TRANSITION PLANNING INC"
"069512291","NATIONAL OPINION RESEARCH CENT"
"788518996","NATIONWIDE IT SERVICES, INC."
"185302218","NATIVE HAWAIIAN VETERANS, LLC"
"220930953","NATURAL RESOURCE GROUP, LLC"
"084404870","NAVAR INC."
"005929810","NAVARRO RESEARCH AND ENGINEERING, INC."
"022582428","NAVIGANT CONSULTING, INC."
"195313866","NCI INFORMATION SYSTEMS, INC."
"210227468","NCS PEARSON, INC."
"623278447","NEPTUNE AND COMPANY, INCORPORATED"
"827406724","NETBRAIN TECHNOLOGIES INC."
"615063518","NETCOMM INCORPORATED"
"014962348","NETIMPACT STRATEGIES, INC"
"807918628","NETSMART TECHNOLOGIES, INC."
"792994782","NETWORK AMERICA INCORPORATED"
"194301859","NETWORK ENVIRONMENTAL SYSTEMS, INCORPORATED"
"172223997","NEW AGE PROTECTION, INC."
"156780512","NEW EDITIONS, INC."
"020149303","NEW TECH SOLUTIONS, INC."
"305279242","NILFISK-ADVANCE INC"
"027189542","NO MAGIC, INCORPORATED"
"932902364","NOBLIS, INC."
"189024102","NORTH STATE RESOURCES, INC."
"076630334","NORTH WIND SOLUTIONS"
"967356127","NORTHROP GRUMMAN TECHNICAL SERVICES, INC."
"017444196","NOVA TECHNOLOGIES AN EMPLOYEE OWNED ENGINEERING COMPANY"
"142487680","NOVAD MANAGEMENT CONSULTING LLC"
"780460739","NPI, INC."
"797407517","NUANCE COMMUNICATIONS, INC."
"041152224","OAK RIDGE ASSOCIATED UNIVERSITIES, INCORPORATED"
"140451688","OATRIDGE SECURITY GROUP, INC."
"961894511","OBSIDIAN ANALYSIS, INC."
"034366380","OBVERSE INC."
"830341645","OBXTEK INC."
"129300799","OCEAN ASSOCIATES, INCORPORATED"
"956687115","ODYSSEY MARKETING GROUP, INC."
"690536248","OLYMPUS SCIENTIFIC SOLUTIONS AMERICAS INC"
"962621624","OMNA INTERNATIONAL LLC"
"012548983","ONERAIN INCORPORATED"
"078860752","ONESIMUS DEFENSE LLC"
"248503187","OPEN TEXT INC."
"124021077","OPTIMAL SOLUTIONS GROUP, LLC"
"831164558","ORBIS OPERATIONS, LLC"
"131940934","ORGANIZATION DEVELOPMENT SYSTEMS INC"
"015260870","ORGANIZATIONAL STRATEGIES INC"
"125467055","ORION MANAGEMENT LIMITED LIABILITY COMPANY"
"001344142","OTIS ELEVATOR COMPANY"
"609691832","OUTREACH PROCESS PARTNERS, LLC"
"001338979","OVERWATCH SYSTEMS, LTD."
"781069703","P C MECHANICAL, INC"
"187330741","PACIFIC WESTERN TECHNOLOGIES,"
"968071493","PAE JUSTICE SUPPORT"
"617301374","PALEOWEST LLC"
"623292224","PANAMERICAN CONSULTANTS INCORPORATED"
"017433348","PANUM TELECOM LLC"
"618296420","PAPE' MATERIAL HANDLING, INC."
"103104043","PARK UNIVERSITY ENTERPRISES, INC"
"050986967","PARKER SYSTEMS INC"
"009043600","PARKER TIDE CORP."
"173454851","PARS ENVIRONMENTAL INC."
"030866545","PARSONS GOVERNMENT SERVICES INC."
"877038133","PARTEK, INC"
"057136918","PARTNERSHIP FOR PUBLIC SERVICE, INC."
"962364530","PATHFINDER CONSULTANTS, LLC"
"004635376","PATRIOT ELECTRONIC SECURITY, INC."
"603110755","PAYDARFAR INDUSTRIES, INC."
"064761687","PCG ENTERPRISES INCORPORATED"
"181087842","PCMG, INC."
"134726061","PEAK SCIENCE COMMUNICATIONS LLC"
"195956636","PEN-LINK, LTD."
"090957374","PENINSULA MEDIATION CENTER, INC."
"098736267","PENN DIESEL SERVICE CO."
"623331717","PERCEPTIVE SOFTWARE LLC"
"122549512","PERFECTION GROUP, INC."
"603450222","PERFORMANCE DIESEL INC."
"073384625","PERFORMANCE TRAINING RESOURCES, LLC"
"001053610","PERKINELMER HEALTH SCIENCES, INC"
"037335296","PERSONNEL DECISIONS RESEARCH INSTITUTES INCORPORATED"
"161906193","PERSONNEL MANAGEMENT, U S OFFICE OF"
"605967277","PG ENVIRONMENTAL, LLC"
"090643271","PHASE ONE CONSULTING GROUP, INC."
"178038910","PHIGENICS, LLC"
"404553448","PHILIPS HEALTHCARE INFORMATICS, INC."
"870327225","PHILLIPS CORPORATION"
"013604421","PINCHOT INSTITUTE FOR CONSERVA"
"824860837","PINYON ENVIRONMENTAL ENGINEERI"
"858616048","PIONEER TECHNICAL SERVICES, INC."
"001161793","PITNEY BOWES INC."
"196085997","PLANNING, INC."
"828738810","PLESSAS EXPERTS NETWORK, INC."
"829502413","PMO PARTNERSHIP JV, LLC"
"792043411","POINT ONE USA, LLC"
"926506783","POINTWISE INC"
"606471688","POTOMAC-HUDSON ENGINEERING, INC."
"105895010","POTOMAC ELECTRIC POWER COMPANY"
"943362251","POTOMAC INSTITUTE POLICY STUDI"
"079978237","POTOMAC SECURITY, LLLP"
"809019180","POTOMACWAVE CONSULTING, INC."
"154694298","PRAIRIE QUEST, INC."
"142540058","PREMIER MANAGEMENT CORPORATION"
"202131454","PRESAGIS USA INC."
"178299905","PRESS GANEY ASSOCIATES INC"
"175311393","PREVAILANCE, INC."
"001863794","PRICEWATERHOUSECOOPERS LLP"
"690541503","PRIZIM INC"
"014454222","PROCON CONSULTING, LLC"
"004146176","PROFESSIONAL ENVIRONMENTAL ENGINEERS, INC."
"964025845","PROFESSIONAL INFORMATION SYSTEMS INC"
"146380576","PROJECT SERVICES GROUP, LLC"
"127038698","PROJECT SUPPORT SERVICES, INC."
"622383052","PROSPECTIVE GROUP, LLC"
"312698034","PROTEC E. KFR."
"342777080","PROTEC GMBH"
"602072381","PROVISTA SOFTWARE INTERNATIONAL, INC."
"175749431","PTC INC."
"062655535","PUCKETT MACHINERY COMPANY"
"489840363","QIAGEN INC."
"221356285","QINETIQ NORTH AMERICA, INC."
"825610108","QUALITY MANAGEMENT INTERNATION"
"138823203","QUALITY POSITIONING SERVICES, INC"
"780730255","QUANTECH, INC"
"053236449","QUANTUM SPATIAL, INC."
"180552200","QUATERNARY RESOURCE INVESTIGATIONS, L.L.C."
"353955008","QUINCY AIR PERFECTION INC."
"828223243","R & K ENTERPRISE SOLUTIONS, INC."
"044147440","R & R ENVIRONMENTAL INC"
"139241665","R CHRISTOPHER GOODWIN & ASSOCIATES INC"
"180547119","R G S ASSOCIATES INC"
"068236108","R. S. MEANS COMPANY LLC"
"006914071","RAND CORPORATION, THE"
"001339159","RAYTHEON APPLIED SIGNAL TECHNOLOGY, INC."
"943604913","RD3, INC."
"797735883","REAL-TIME INNOVATIONS, INC."
"092206403","REALIZATION TECHNOLOGIES, INC."
"113759836","REALTIME MONITORS INC"
"098239510","RECON ENVIRONMENTAL"
"141242896","RECRUITING FORCE, LLC"
"791330488","RED GATE GROUP, LIMITED, THE"
"949117030","RED J ENVIRONMENTAL CORPORATION"
"801957023","REDHAWK IT SOLUTIONS LLC"
"808149004","REDHORSE CORPORATION"
"124777058","REED INTEGRATION, INC."
"029790073","REGENCY CONSULTING, INC."
"948269196","REGIS AND ASSOCIATES PC"
"151886660","REGULATORY GROUP INC., THE"
"608999520","REI SYSTEMS, INC."
"297619090","RELIASOFT CORPORATION"
"150767572","REMSA INC"
"090123642","RENAISSANCE PLANNING GROUP, INC."
"800953994","RESEARCH PLANNING INC"
"004868105","RESEARCH TRIANGLE INSTITUTE"
"178040960","RESOURCE SYSTEMS GROUP, INC."
"620276951","RESULTS LEADERSHIP GROUP, LLC, THE"
"251100749","REUTERS AMERICA INC"
"824640812","RIGHTDIRECTION TECHNOLOGY SOLUTIONS, LLC"
"144709193","RIGHTNOW TECHNOLOGIES, INC."
"135910698","RIGHTSTAR, INC."
"786713599","RIGIL CORPORATION"
"828489554","RMA ASSOCIATES, LLC"
"078623438","ROBBINS GIOIA LIMITED LIABILITY COMPANY"
"148096100","ROBERT D. NIEHAUS, INC."
"043256403","ROBERT HALF INTERNATIONAL INC."
"961941531","ROCKWELL AUTOMATION, INC."
"962960589","ROCKWELL COLLINS SIMULATION & TRAINING SOLUTIONS LLC"
"805713109","ROGUE WAVE SOFTWARE, INC."
"174411496","ROLLINS FIELD SERVICE INC"
"617445374","ROMANYK CONSULTING CORPORATION"
"179350160","ROSENSHINE,NANCY R"
"830345422","ROSETTA STONE LTD."
"151414075","ROYAL ARC WELDING COMPANY"
"189162183","RPS CORPORATION"
"883065419","RUEHLIN ASSOCIATES"
"090002184","RURAL AND TRIBAL ENVIRONMENTAL SOLUTIONS"
"044867034","S BROOKS & ASSOCIATES INC"
"071167910","S C & A, INC."
"153547849","S.K.M. SYSTEMS ANALYSIS, INC."
"187035985","SAGEBRUSH CONSULTANTS LLC"
"158269451","SALMON GROUP, INC."
"291855013","SANBORN MAP COMPANY, INC., THE"
"127641632","SANDHILLS UTILITY SERVICES, LLC"
"029971780","SANS INSTITUTE, LLC, THE"
"040046724","SAS INSTITUTE INC."
"079253761","SAVA WORKFORCE SOLUTIONS, LLC"
"788059488","SAVAN GROUP LLC"
"143405087","SAVVEE CONSULTING INC."
"020345075","SAWDEY SOLUTION SERVICES, INC."
"480001684","SCHINDLER ELEVATOR CORPORATION"
"855445516","SCHLUMBERGER TECHNOLOGY CORPORATION"
"275136398","SCHNEIDER ELECTRIC IT USA, INC."
"300197993","SCHULER INCORPORATED"
"078745061","SCIENCE APPLICATIONS INTERNATIONAL CORPORATION"
"779951912","SCIENTIFIC CONSULTING GROUP, INC, THE"
"100351217","SCIMETRIKA, LLC"
"039885421","SCITOR CORPORATION"
"095569302","SCOTTTECH, LLC"
"005714132","SEA-COAST CONSULTING, LLC"
"032366945","SECURITY2000 LLC"
"052239530","SENSA SOLUTIONS, INC."
"298452707","SERCO SERVICES INC."
"962121286","SEV1TECH INC"
"078425777","SEVENTH SENSE CONSULTING, LLC"
"790905512","SHENANDOAH FLEET MAINTENANCE AND MANAGEMENT, LLC"
"806289596","SHEPRA, INC."
"611429481","SHI INTERNATIONAL CORP."
"073489176","SHIPTECH AMERICA LLC"
"316067164","SIEMENS GOVERNMENT TECHNOLOGIES, INC."
"171856222","SIGNET TECHNOLOGIES, INC."
"175955335","SILOSMASHERS, INC."
"035036813","SIRSI CORPORATION"
"954151853","SISTEMAS FAMILIA Y SOCIEDAD - CONSULTORES ASOCIADOS E.I.R.L."
"079288829","SIWA GROUP LLC, THE"
"963278551","SKEO SOLUTIONS , INC."
"370569455","SKILLSOFT PLC"
"210273256","SMITHS DETECTION, INC."
"091340943","SOCIAL AND SCIENTIFIC SYSTEMS INCORPORATED"
"941533911","SOCIAL IMPACT INC"
"166611132","SOCIAL SOLUTIONS INTERNATIONAL, INC."
"829676241","SOFT POWER SOLUTIONS, LLC"
"050383223","SOFTMART GOVERNMENT SERVICES INCORPORATED"
"319321147","SOFTWARE AG GOVERNMENT SOLUTIONS INC."
"938265865","SOFTWARE INFORMATION RESOURCE CORP."
"012049963","SOL SOLUTIONS, LLC"
"835979147","SOLV LLC"
"102917762","SONOMA TECHNOLOGY, INC."
"825137904","SOURCE ENVIRONMENTAL, INC."
"007936842","SOUTHWEST RESEARCH INSTITUTE I"
"002625721","SOUTHWORTH-MILTON, INC."
"833175917","SPATIAL FRONT INCORPORATED"
"156992745","SPECTRUM SYSTEMS, LLC"
"149203239","SPIDER STRATEGIES, INC."
"080011988","SRA INTERNATIONAL, INC."
"063053771","SRC, INC."
"009232752","SRI INTERNATIONAL"
"782252860","STANDARD CALIBRATIONS, INC."
"001152461","STANLEY CONVERGENT SECURITY SOLUTIONS, INC."
"246422307","STANTEC CONSULTING SERVICES INC."
"001307602","STARLIMS CORPORATION"
"147662068","STATACORP LP"
"148927247","STATISTICAL RESEARCH, INC."
"144817785","STELL ENVIRONMENTAL ENTERPRISES, INC."
"220418143","STERIS CORPORATION"
"938836541","STERLING COMPUTERS CORPORATION"
"616392671","STEWART & STEVENSON POWER PRODUCTS LLC"
"179570403","STG INTERNATIONAL, INC."
"780414652","STG, INC."
"079206420","STRATEGIC CYBER LLC"
"787947600","STRATEGIC OPERATIONAL SOLUTIONS INC."
"622811847","STRATEGICHEALTHSOLUTIONS, LLC"
"112459370","STRATEGY MANAGEMENT GROUP, INC."
"956873798","STRAUGHAN ENVIRONMENTAL, INC."
"967227583","STS SYSTEMS INTEGRATION"
"134631675","SUMMIT CONSULTING LLC"
"607564825","SUNDANCE CONSULTING, INC."
"167032239","SUNTIVA, LLC"
"962287137","SUPERIOR TECHNOLOGY SOLUTIONS, LLC"
"806696089","SUPRIYA AGGARWAL"
"119149730","SWCA INCORPORATED"
"316268655","SYBASE, INC."
"131331261","SYNERGY ENTERPRISES, INC."
"161499579","SYNOPSYS, INC."
"058005542","SYNTHESIS PROFESSIONAL SERVICES INC"
"079084458","SYSTEM ENGINEERING INTERNATIONAL, LLC"
"806026852","SYSTEM PLANNING CORPORATION"
"968838909","SYSTEMS RESEARCH AND APPLICATI"
"122343858","SYTEK AUTOMATION LLC"
"078517764","T-SYSTEM, INC."
"806136573","T S MARSHALL & ASSOCIATES, INC"
"192244742","T WHITE PARKER ASSOCIATES, INCORPORATED"
"125924915","T. A. CONSULTING, INC"
"079989538","TACG-ENL JV, LLC"
"623516031","TACG, LLC"
"624570073","TAGESON MARITIME CONSULTING"
"786643569","TAI PEDRO & ASSOCIATES, P.C."
"045812369","TALX CORPORATION"
"030000835","TANTARA ASSOCIATES CORPORATION"
"010224550","TASK SOURCE INC."
"072651979","TATC CONSULTING CORPORATION"
"008473170","TAURI GROUP, LLC, THE"
"041963950","TAYLOR FREEZER EQUIPMENT CORP"
"848758400","TDB COMMUNICATIONS, INC."
"606984573","TECHLAW, INC"
"131788130","TECHNICAL AND PROJECT ENGINEERING, LLC"
"782084123","TECHNICAL SOFTWARE SERVICES, INC."
"147004451","TECHNOLOGY AUTOMATION & MANAGE"
"074108176","TECOLOTE RESEARCH, INC"
"135788560","TECPLOT, INC."
"112358432","TELEDYNE INSTRUMENTS, INC."
"118538045","TELESOLV CONSULTING, LLC"
"024981993","TELLING YOUR STORY, LLC"
"119514193","TERACORE, INC"
"114921872","TERATHINK CORPORATION"
"003920922","TERRY & ASSOCIATES INC, J"
"045224250","TETRA TECH EM, INC."
"042915991","TEXAS A&M TRANSPORTATION INSTITUTE"
"133844881","TFC CONSULTING INC"
"042768267","THE BOSTON CONSULTING GROUP INC"
"840203368","THE IVY PLANNING GROUP LLC"
"112871561","THE LEWIN GROUP INC"
"131142747","THE MATHWORKS INC"
"085978810","THE MIHALIK GROUP"
"161579735","THE MIL CORPORATION"
"175285121","THE MITCHELL GROUP INC"
"007872690","THE MITRE CORPORATION"
"013778225","THE RAVENS GROUP, LLC"
"001408673","THERMO FISHER SCIENTIFIC (ASHEVILLE) LLC"
"619053411","THOMAS CASTRO GUTIERREZ CPA, LLC"
"024556128","THOMPSON & LITTLE, INC."
"160936175","THOMPSON MACHINERY COMMERCE CORPORATION"
"809887164","THUNDERCAT TECHNOLOGY, LLC"
"174104919","THURSBY SOFTWARE SYSTEMS, INC."
"340502442","THYSSENKRUPP ELEVATOR CORPORATION"
"961689325","TIC SECURITY, LLC"
"622692994","TIME SOLUTIONS, LLC"
"831140541","TLN WORLDWIDE ENTERPRISES, INC."
"825211824","TOEROEK ASSOCIATES, INC."
"005675921","TOFFLER ASSOCIATES, INC."
"217127290","TOGNUM AMERICA INC"
"877145391","TOTAL RESOURCE MANAGEMENT, INC."
"179498712","TRADE CENTER MANAGEMENT ASSOCIATES LLC"
"114391543","TRAINING RESOURCES GROUP INCORPORATED"
"774715924","TRANSFINITE SYSTEMS LTD"
"037700106","TRIAD TECHNOLOGY PARTNERS, LLC"
"827092011","TRIFECTA INDUSTRIES, LLC"
"797123010","TRILOGY SECURED SERVICES, L.L.C."
"094982386","TRIMBLE NAVIGATION LIMITED"
"014197144","TRIMECH SOLUTIONS, LLC"
"078404916","TRINE ENVIRONMENTAL INC."
"849332911","TRINITY ENGINEERING ASSOCIATES, INC."
"167251011","TRIUMPH ENTERPRISES, INCORPORATED"
"196349492","TRIUMVIRATE ENVIRONMENTAL, INC"
"096029298","TRIVANTIS CORPORATION"
"119514144","TROFHOLZ TECHNOLOGIES, INC."
"126658892","TRUSANT TECHNOLOGIES LLC"
"828615224","TS GOVERNMENT SOLUTIONS, LLC"
"154130918","TTI ENVIRONMENTAL, INC."
"141669437","TTL ASSOCIATES, INC."
"985594574","TYCO INTEGRATED SECURITY LLC"
"215581790","UBM LLC"
"078570513","UNICOM SYSTEMS INC."
"027382779","UNITED STATES NAVY MEMORIAL FOUNDATION"
"791142545","UNIVERSAL STRATEGY GROUP, INC."
"003256088","UNIVERSITY OF MARYLAND (2033) 1170755"
"142363428","UNIVERSITY OF NORTH CAROLINA AT CHAPEL HILL"
"042000273","UNIVERSITY OF TEXAS AT AUSTIN"
"041188822","UNIVERSITY OF WISCONSIN SYSTEM"
"072645393","UNIVERSITY RESEARCH CO., LLC"
"074803701","URBAN INSTITUTE"
"153561212","URS GROUP, INC."
"622746100","USFIN DEVELOPMENT, LLC"
"014974096","USMAX CORPORATION"
"154614254","VAIL TECHNOLOGIES, LLC"
"032042827","VALADOR INC"
"009661638","VALLEY POWER SYSTEMS, INC."
"181627048","VALUE RECOVERY HOLDING, LIMITED LIABILITY COMPANY"
"095874384","VANASSE HANGEN BRUSTLIN INC"
"072654999","VANTAGE HUMAN RESOURCE SERVICES INCORPORATED"
"023465219","VECTOR RESOURCES, INC."
"079563436","VENCORE SERVICES AND SOLUTIONS, INC."
"073299836","VERA INSTITUTE OF JUSTICE INC"
"118459325","VERDI CONSULTING, INC."
"066764747","VERSAR, INC."
"008898843","VERTEX AEROSPACE LLC"
"831299909","VETERANS MANAGEMENT SERVICES, INC."
"148757458","VISION CENTRIC INC."
"806785247","VISIONARY INTEGRATION PROFESSI"
"039279380","VITALSMARTS, LC."
"079435151","VOCUS INCORPORATED"
"079453470","VOUND COLORADO, LTD."
"078764098","VRG SERVICES LLC"
"049997380","VSE CORPORATION"
"968199450","VZ TECHNOLOGIES, L.L.C."
"007902331","W W WILLIAMS MIDWEST INC"
"040726978","WAGNER EQUIPMENT CO."
"249440777","WALSH INTEGRATED ENVIRONMENTAL"
"538184557","WARTSILA DEFENSE, INC."
"153776278","WASHINGTON GAS LIGHT COMPANY"
"011384050","WATCH HOUSE INTERNATIONAL, LLC"
"038554759","WEATHERMAN, DAVID W"
"131889805","WEBSTER GROUP, INC (THE)"
"049508120","WESTAT, INC."
"142549802","WESTERN AERODYNAMICS, INC"
"042524272","WESTERN PACIFIC CRANE & EQUIPMENT, LLC"
"118341234","WESTON SOLUTIONS, INC."
"007939358","WHEELER MACHINERY CO."
"052227953","WHITETAIL ENVIRONMENTAL, LLC"
"131873457","WHITNEY, BRADLEY & BROWN INC."
"868712969","WILLIAMS, ADLEY & COMPANY - DC, LLP"
"014089614","WINBOURNE AND COSTAS, INC."
"047897855","WIND RIVER SYSTEMS, INC."
"869208108","WINDWALKER CORPORATION"
"148062990","WINTERSMITH & ASSOCIATES, INC"
"149521846","WITTENBERG WEINER CONSULTING LLC"
"186918488","WOLFRAM RESEARCH INC."
"403310154","WOLTERS KLUWER FINANCIAL SERVICES, INC."
"131784451","WORLD WIDE TECHNOLOGY, INC."
"845642003","WRG FIRE TRAINING SIMULATION SYSTEMS, INC."
"202983805","WSP CANADA INC"
"829053896","X CELL MANAGEMENT INC."
"967917704","X CORP SOLUTIONS INC."
"360698687","XATOR CORPORATION"
"049591852","XEROX CORPORATION"
"608717450","XL ASSOCIATES, INC."
"052727208","XYENTERPRISE  INC."
"968848734","XYLEM DEWATERING SOLUTIONS, INC."
"687849844","YOOSIN ENTERPRISE CO.,LTD"
"006092860","YORK INTERNATIONAL CORPORATION"
"792535812","YOUNGSTER PERFORMANCE & TRANSMISSION"
"031777167","YOUR RECRUITING COMPANY, INC."
"809780567","ZANTECH IT SERVICES, INC."
"079183986","ZB TRAINING SOLUTIONS LLC"
"796490519","ZELOS, LLC"
"079335792","ZEMAX, LLC"
"129511023","ZIA ENGINEERING & ENVIRONMENTAL CONSULTANTS, L.L.C."
"037250326","ZIBIZ CORPORATION"
